slug,source_B_status,source_B_live
variant,Active,True
clarus,Active,True
zeroframe,Inactive,False
riveter-ai,Active,True
galini,Active,True
avora,Active,True
telli,Active,True
symphony,Active,True
streamable,Active,True
crouton,Active,True
durate,Active,True
gait,Inactive,False
moonset-health,Active,True
candle,Active,True
getcho,Active,True
darkgrade,Active,True
openfunnel,Active,True
healthspark,Active,True
rulebase,Active,True
afternoon-co,Active,True
lightscreen-ai,Active,True
raycaster,Active,True
supercontrast,Inactive,False
revyl,Active,True
vortexifyai,Active,True
vespper,Active,True
sandra-ai,Active,True
archil,Active,True
cekura-ai,Active,True
cosmic-new,Active,True
astrix-health,Active,True
reticular,Active,True
smooth,Active,True
attimet,Active,True
issen,Active,True
revisiondojo,Active,True
ctgt,Active,True
riskcube,Active,True
keye,Active,True
luthor,Active,True
sphinx,Active,True
lingodotdev,Active,True
karmen,Active,True
codebuff,Active,True
hybrd,Active,True
withcharm,Active,True
unusual,Active,True
platus,Active,True
stewdio,Active,True
pearson-labs,Active,True
vly-ai-2,Active,True
tiny,Active,True
crustdata,Active,True
autocomputer,Active,True
moonshine,Active,True
dexter,Active,True
curo,Active,True
gecko-security,Active,True
permitportal,Active,True
fresco,Active,True
origami-2,Active,True
collectwise,Active,True
consus,Active,True
capy,Active,True
innate,Active,True
gander,Acquired,True
alex,Active,True
browserbook,Active,True
diffusion-studio,Active,True
metreecs,Active,True
revi,Active,True
archilabs,Active,True
sunset,Active,True
surge,Active,True
edgedive,Active,True
futureclinic,Active,True
forerunner-ai,Active,True
x1,Active,True
vaya,Active,True
melder,Active,True
ryvn,Active,True
sre-ai,Active,True
friday,Active,True
relvy-ai,Active,True
ember,Active,True
canvas,Active,True
careforce,Active,True
synth-3,Active,True
roundabout-technologies,Active,True
loombotic,Active,True
humanlayer,Active,True
apolink,Active,True
asha-health,Active,True
openbuilder,Active,True
goldbridge,Active,True
piggy-robotics,Active,True
fifth-door,Active,True
autonomous-technologies-group,Active,True
prox,Active,True
parametric,Active,True
null-labs,Active,True
nori,Active,True
fernstone,Active,True
mixy,Active,True
digipals,Active,True
efference,Active,True
lapis,Active,True
semiotic,Active,True
remedy,Active,True
brickanta,Active,True
aircaps,Active,True
uplane,Active,True
structured-ai,Active,True
parse-bot,Active,True
brickwise,Active,True
parrot,Active,True
movedot,Active,True
zavo,Active,True
sylvian,Active,True
gpt,Active,True
bolna-ai,Active,True
hyperspell,Active,True
scoop,Active,True
aspect-inc,Active,True
deeptrace,Active,True
locus,Active,True
alt-x,Active,True
caddy,Active,True
sorce,Active,True
the-context-company,Active,True
dari,Active,True
lunavo,Active,True
norra,Active,True
kaigo-health,Active,True
koyal,Active,True
playvision,Active,True
iriscal,Active,True
veria-labs,Active,True
questom,Active,True
cranston-ai,Active,True
hypercubic,Active,True
nessie,Active,True
wardstone,Active,True
atlasgrid,Active,True
hillclimb,Active,True
flick,Active,True
semble-ai,Active,True
mod-ai,Active,True
sellraze,Active,True
lakonia,Active,True
nivara,Active,True
answerthis,Active,True
sf-tensor,Active,True
unsiloed-ai,Active,True
allus-ai,Active,True
multifactor,Active,True
sciloop,Active,True
logosguard,Active,True
kestrel-ai,Active,True
tensr,Active,True
agentic-fabriq,Active,True
logical,Active,True
aleph-lab,Active,True
articulate,Active,True
redapto,Active,True
captain,Active,True
sunflower,Active,True
rovr,Active,True
bravi,Active,True
complydo,Active,True
codyco,Active,True
lexi,Active,True
compyle,Active,True
selfin,Active,True
casey,Active,True
play-health,Active,True
thesis,Active,True
inspector,Active,True
cortex-ai,Active,True
pixley-ai,Active,True
leadbay,Active,True
nucleo,Active,True
tornyol,Active,True
s2-dev,Active,True
patent-watch,Active,True
anto-biosciences,Active,True
imagine-ai,Active,True
expected-parrot,Active,True
everest,Active,True
scott-ai,Active,True
aside,Active,True
hireglide,Active,True
zalos,Active,True
sourcebot,Active,True
spatial-ai,Active,True
lua-global-inc,Active,True
crunched,Active,True
usenarrative,Active,True
primer,Active,True
specific,Active,True
automax-ai,Active,True
clad-labs,Active,True
absurd,Active,True
kalpa-labs,Active,True
metorial,Active,True
arcten,Active,True
denki,Active,True
savahq,Active,True
icarus,Active,True
karumi,Active,True
mantle,Active,True
uselemma,Active,True
exonic,Active,True
jarmin,Active,True
castari,Active,True
rovi-health,Active,True
miniswap,Active,True
freeport-markets,Active,True
boom-ai,Active,True
telemetron-ai,Active,True
the-hog,Active,True
lightberry,Active,True
bluma,Active,True
forge-robotics,Active,True
amera,Active,True
diligencesquared-inc,Active,True
velvet,Active,True
axial-composites-industries,Active,True
lunabill,Active,True
claybird,Active,True
fastshot,Active,True
clicks,Active,True
dome,Active,True
markit,Active,True
zarna,Active,True
moss,Active,True
bear,Active,True
fixpoint,Active,True
openroll,Active,True
rivet-design,Active,True
item,Active,True
mayflower,Active,True
zephyr-fusion,Active,True
jsx-tool,Active,True
leeroo,Active,True
atum-works,Active,True
willow,Active,True
aviro,Active,True
partcl,Active,True
opine,Active,True
atlog,Active,True
blaxel,Active,True
qfex,Active,True
chestnut,Active,True
frekil,Active,True
plexe,Active,True
kashikoi,Active,True
aravolta,Active,True
vybe,Active,True
nao-labs,Active,True
bitboard,Active,True
golf,Active,True
notus-autonomous-systems,Active,True
cubic,Active,True
bloom-4,Active,True
avallon-ai,Active,True
groundcontrol,Active,True
kanava-ai,Inactive,False
minerva,Active,True
cua,Active,True
synthiolabs,Active,True
galen-ai,Active,True
neoncoral,Active,True
auctor,Active,True
ralo,Active,True
acolite,Active,True
capacitive,Active,True
claim-health,Active,True
almond-2,Active,True
chonkie,Active,True
helixdb,Active,True
the-robot-learning-company,Active,True
zeon-systems,Active,True
dolphin,Active,True
kaelio,Active,True
beluga,Active,True
clarm,Active,True
sim,Active,True
stratify,Active,True
youlearn,Active,True
typeos,Active,True
percival,Active,True
mbodi-ai,Active,True
kirana-ai,Active,True
caucus,Inactive,False
pgdog,Active,True
attune,Active,True
kestral,Active,True
bluejay,Active,True
better-auth,Active,True
parsewise,Active,True
refresh,Active,True
the-llm-data-company,Active,True
tinfoil,Active,True
trapeze,Active,True
jeevy-fabrication,Active,True
chiron,Active,True
voiceos,Active,True
combinely,Active,True
clado,Active,True
tegore,Active,True
sixtyfour,Active,True
photonium,Active,True
labric,Active,True
opusense-ai,Active,True
clidey,Active,True
habit,Active,True
kaizen,Active,True
ticket-wallet,Active,True
runrl,Active,True
morphik,Active,True
nomi,Active,True
casco,Active,True
crimson,Active,True
flott-hq,Active,True
lucis,Active,True
throxy,Active,True
cleon,Active,True
lyrahq,Active,True
theta,Active,True
novoflow,Active,True
prism,Active,True
qualgent,Active,True
human-behavior,Active,True
alkali,Active,True
besimple-ai,Active,True
jazzberry,Active,True
powermatrix,Active,True
vesence,Active,True
third-chair,Active,True
klavis-ai,Active,True
paraquery,Active,True
sygaldry-technologies,Active,True
boost-robotics,Active,True
vassar-robotics,Active,True
morphoai,Active,True
eloquent-ai,Active,True
scalar-field,Active,True
saffron-health,Active,True
bramante-biologics,Active,True
valuemate,Active,True
zero,Active,True
hemut,Active,True
janus,Active,True
relixir,Active,True
mesmer,Active,True
lapel,Active,True
chrt,Active,True
mindfort,Active,True
probo,Active,True
adentris,Active,True
rimba,Active,True
moby-analytics,Active,True
nimbic-ai,Active,True
delty,Active,True
cotool,Active,True
propolis,Acquired,True
den,Active,True
mlop,Active,True
lumari,Active,True
code-four,Active,True
linewise,Active,True
oncactus,Active,True
wavedash,Active,True
starsling,Active,True
text-ai,Active,True
theorem-2,Active,True
airweave,Active,True
sieveai,Active,True
blueshoe,Active,True
bond,Active,True
cascade-space,Active,True
aegis,Active,True
bitpatrol,Acquired,True
godela,Active,True
foundation-industries,Active,True
sureform,Active,True
docket,Active,True
cohesive,Active,True
poka-labs,Active,True
simplex,Active,True
central,Active,True
fuse-2,Active,True
overeasy,Active,True
acx,Active,True
ligo-biosciences,Active,True
spur,Active,True
evolvere-biosciences,Active,True
coval,Active,True
angstrom-ai,Active,True
ultra,Active,True
abel-police,Active,True
roger-2,Active,True
miru-ml,Active,True
spherecast,Active,True
apten,Active,True
domu-technology-inc,Active,True
undermind,Active,True
superunit,Active,True
doublezero,Active,True
understood-care,Active,True
cheers,Active,True
mem0,Active,True
glasskube,Active,True
saphira-ai,Active,True
theseus,Active,True
synnax,Active,True
comfy-deploy,Active,True
spaceium-inc,Active,True
educato,Active,True
prohostai,Active,True
pre,Active,True
hamming-ai,Active,True
mdhub,Active,True
claimsorted,Active,True
entangl,Active,True
codes-health,Active,True
unsloth-ai,Active,True
random-labs,Active,True
digitalcarbon,Active,True
bayesline,Active,True
flyflow,Inactive,False
callback,Active,True
tabula,Active,True
invaria,Inactive,False
stack-auth,Active,True
sagecare,Active,True
videogen,Active,True
phonely,Active,True
corgi-insurance,Active,True
maitai,Active,True
wordware,Active,True
sorcerer,Active,True
firstwork,Active,True
ideate-xyz,Active,True
stardrift,Active,True
decisional-ai,Active,True
azalea-robotics-corporation,Active,True
retrofix,Active,True
unbound,Active,True
hyrex,Active,True
silurian,Active,True
networkocean,Active,True
cloudglue,Active,True
rewbi,Active,True
proxis,Active,True
zuni,Active,True
scape,Active,True
deepsim-inc,Active,True
storia-ai,Active,True
offstream,Active,True
elevate-2,Active,True
lucible,Active,True
dodo,Active,True
ares-industries,Active,True
runlocal-ai,Active,True
codeviz,Active,True
parahelp,Active,True
joinlore,Active,True
snowpilot,Active,True
minusx,Active,True
camfer,Active,True
tivara,Active,True
kenley,Active,True
tandem-2,Active,True
weave-robotics,Active,True
gauge,Active,True
aminoanalytica,Active,True
dench-com,Active,True
autopallet-robotics,Active,True
pulse-3,Active,True
plume,Active,True
ledgerup,Active,True
dmodel,Active,True
modus,Active,True
lighthouz-ai,Active,True
mito-health,Active,True
the-synthesis-company,Active,True
substrate,Active,True
taxgpt,Active,True
fazeshift,Active,True
benchify,Active,True
anthrogen,Active,True
kopra-bio,Active,True
kastle,Active,True
creativemode,Active,True
conveo,Active,True
manaflow,Active,True
panora,Active,True
aluna,Active,True
ontra-mobility,Active,True
promi,Active,True
expand-ai,Active,True
clearly-ai,Active,True
saturn,Active,True
zoa-research,Active,True
reactwise,Active,True
1849-bio,Active,True
vibe,Active,True
finny-ai,Active,True
magicode,Active,True
hestus-inc,Active,True
anara,Active,True
planbase,Active,True
redouble-ai,Active,True
dimely,Active,True
lumenary,Active,True
drillbit,Active,True
deepsilicon,Inactive,False
seals-ai,Active,True
biocartesian,Active,True
winfunc,Active,True
opslane,Active,True
autumn-labs,Active,True
conductor-quantum,Active,True
pax,Active,True
stempad,Active,True
beebettor,Active,True
david-ai,Active,True
mage-legal,Active,True
distro,Active,True
remade,Acquired,True
zeit-ai,Active,True
emergent,Active,True
kura-ai,Active,True
thunder-compute,Active,True
ember-robotics,Active,True
pinnacle,Active,True
intryc,Active,True
parley,Active,True
soff,Active,True
mineflow,Active,True
brighterway,Active,True
schemeflow,Active,True
zettascale,Active,True
praxos,Active,True
the-forecasting-company,Active,True
presti-ai,Active,True
cerulion,Active,True
laminar,Active,True
guardian-rf,Active,True
sensei,Active,True
simple-ai,Active,True
palmier,Active,True
lilac-labs,Active,True
refactor,Active,True
paasa,Active,True
cartage,Active,True
sonatoria,Active,True
riskangle,Inactive,False
baseline-ai,Active,True
odo,Active,True
finosu,Active,True
haystack-software,Active,True
ai-2,Active,True
helium,Active,True
heroui,Active,True
rescript,Active,True
ionworks,Active,True
thyme,Acquired,True
handled,Active,True
dataleap,Active,True
starcloud,Active,True
leviathan,Active,True
zeropath,Active,True
argil,Active,True
vendra,Active,True
propaya,Active,True
entropy,Active,True
weel,Active,True
kontigo,Active,True
polymet,Active,True
omnidock,Active,True
autarc,Active,True
assembly-hoa,Active,True
sepal-ai,Active,True
orcaengine,Active,True
sterling-labs-inc,Active,True
moreta,Active,True
typa,Active,True
quetzal,Active,True
rastro,Active,True
voker,Active,True
tradeflow,Active,True
rentflow,Active,True
pap,Active,True
blaze-2,Active,True
elayne,Active,True
oway,Active,True
bucket-robotics,Active,True
saldor,Active,True
usul,Active,True
surebright,Active,True
diode-computers-inc,Active,True
dayflow,Active,True
terra-2,Active,True
keet,Active,True
et-al,Active,True
pharos,Active,True
vera-health,Active,True
pipeshift,Active,True
rowboat-labs,Active,True
ficra,Active,True
hey-revia,Acquired,True
henry-2,Active,True
browseros,Active,True
xtraffic,Active,True
anglera,Active,True
void,Active,True
capitol-ai,Active,True
overlap,Active,True
formula-insight,Active,True
mica-ai,Active,True
village-labs,Active,True
patched,Active,True
orgorg,Active,True
affil-ai,Active,True
arva-ai,Active,True
freestyle,Active,True
merlin-ai,Active,True
simcare,Active,True
midship,Active,True
bits-to-atoms,Active,True
pathpilot,Active,True
syntra,Active,True
conductor,Active,True
dreamrp,Active,True
outerport,Active,True
stormy-ai,Active,True
autumn,Active,True
fluidize,Active,True
ambral,Active,True
wayline,Active,True
serafis,Active,True
nixo,Active,True
cactus,Active,True
synthetic-society,Active,True
rid,Active,True
pingo-ai,Active,True
adaptional,Active,True
getasap,Active,True
meteor,Active,True
closera,Active,True
dedalus-labs,Active,True
acrely,Active,True
the-prompting-company,Active,True
mangodesk,Active,True
halluminate,Active,True
traceroot-ai,Active,True
agentmail,Active,True
truthsystems,Active,True
blank-bio,Active,True
astor,Active,True
lanesurf,Active,True
gitdot,Active,True
golpo,Active,True
shor,Active,True
pond,Active,True
liva-ai,Active,True
playgent,Active,True
verne-robotics,Active,True
zeroeval,Active,True
contextfort,Active,True
datafruit,Active,True
topological,Active,True
lark,Active,True
bitrig,Active,True
effigov,Active,True
design-arena,Active,True
lotas,Active,True
monarcha,Active,True
overdrive-health,Active,True
orange-slice,Active,True
nuntius,Inactive,False
wafer,Active,True
panels,Active,True
qualify-bot,Active,True
cyberdesk,Active,True
tryjanet,Active,True
lilac,Active,True
imprezia,Active,True
alter,Active,True
ondeck-ai,Active,True
skope,Active,True
frizzle,Active,True
deepgrove,Active,True
proliferate,Active,True
sagekit,Active,True
stockline,Active,True
deepaware-ai,Active,True
tesora,Active,True
kestroll,Active,True
pangolin,Active,True
careswift,Active,True
wedge,Active,True
slashy,Active,True
cocreate,Active,True
agenthub-2,Active,True
nexa-labs,Active,True
bootloop,Active,True
stellon-labs,Active,True
kalinda,Active,True
parachute,Active,True
louiza-labs,Active,True
doe,Active,True
ironledger-ai,Active,True
theinterface,Active,True
trace-so,Active,True
fulcrum,Active,True
b12-labs,Active,True
flai,Active,True
embedder,Active,True
candytrail,Active,True
epicenter,Active,True
channel3,Active,True
ghosteye,Active,True
normal,Active,True
comena,Active,True
vibeflow,Active,True
nozomio,Active,True
mimos,Active,True
goriff,Active,True
albacore-inc,Active,True
solva,Active,True
phases,Active,True
perseus-defense,Active,True
novaflow,Active,True
manufact,Active,True
hyprnote,Active,True
relling,Active,True
motives,Active,True
finto-de,Active,True
iron-grid,Active,True
april,Active,True
autosana,Active,True
knowlify,Active,True
omnara,Active,True
risely-ai,Active,True
minimal-ai,Active,True
socratix-ai,Active,True
alara,Active,True
floot,Active,True
idler,Active,True
palace,Active,True
humoniq,Active,True
nautilus,Active,True
avelis-health,Active,True
pares-ai,Active,True
altur,Active,True
tryeden,Active,True
metis,Active,True
f4,Active,True
sira,Active,True
opennote,Active,True
sigmanticai,Active,True
convexia,Active,True
pleom,Active,True
locata,Active,True
pally,Active,True
notte,Active,True
hera-video,Active,True
certus-ai,Active,True
reacher,Active,True
kernel,Active,True
dscribe-ai,Active,True
okibi,Active,True
juxta,Active,True
flywheel-ai,Active,True
stagewise,Active,True
clodo,Active,True
fleetline,Active,True
magnetic,Active,True
modelence,Active,True
perspectives-health,Active,True
duranium,Active,True
tectoai,Active,True
rowflow,Active,True
munify,Active,True
interfere,Active,True
spotlight-realty,Active,True
geo-ai,Active,True
vulcan-technologies,Active,True
noso-labs,Active,True
outrove,Active,True
veritus,Active,True
ruvo,Active,True
avent,Active,True
burnt,Active,True
freya,Active,True
luminal,Active,True
realroots,Active,True
uplift-ai,Active,True
paloma,Active,True
blue,Active,True
nox-metals,Active,True
f2,Active,True
governgpt,Active,True
yenmo,Active,True
jo,Active,True
onyx,Active,True
lantern-2,Inactive,False
driver,Active,True
gumloop,Active,True
event-horizon-labs,Active,True
upsolve-ai,Active,True
navier-ai,Active,True
drymerge,Active,True
relari,Active,True
tesseral,Active,True
radmate-ai,Inactive,False
scritch,Active,True
legora,Active,True
ego,Active,True
stitch-technologies,Inactive,False
purplepages,Active,True
greptile,Active,True
ubicloud,Active,True
happenstance,Active,True
duckie,Active,True
ion-design,Active,True
maihem,Active,True
sonia,Active,True
kabilah,Active,True
tracecat,Active,True
precip,Active,True
nuanced,Active,True
maia,Active,True
andon-labs,Active,True
reducto,Active,True
momentic,Active,True
tuesday-lab,Active,True
tile,Active,True
newton,Active,True
quary,Inactive,False
malibou,Active,True
alex-com,Active,True
lumen-payments,Active,True
ncompass-technologies,Active,True
argon-ai-inc,Active,True
mango-health,Inactive,False
garage-2,Active,True
buster,Active,True
dgi-apparel,Inactive,False
aidy,Active,True
pivot-robotics,Active,True
fractal-labs,Active,True
agentic-labs-2,Active,True
carousel-technologies,Active,True
basalt,Active,True
leaping,Active,True
mathdash,Active,True
assembly-2,Active,True
avery,Active,True
patchwork,Inactive,False
pointone,Active,True
paradigm,Active,True
arini,Active,True
furtherai,Active,True
roe,Active,True
suretynow,Active,True
octolane-ai,Active,True
artisan,Active,True
eggnog,Active,True
greenboard,Active,True
ecliptor,Active,True
trellis-ai,Active,True
topo,Active,True
verse-therapy,Active,True
tokenowl,Active,True
yoneda-labs,Active,True
synsorybio,Active,True
copper-health,Active,True
blume-benefits,Inactive,False
atopile,Active,True
partnerhq,Active,True
tusk,Active,True
engines,Inactive,False
onegrep,Active,True
selera-medical,Inactive,False
lucite,Active,True
attunement,Active,True
cloudcruise,Active,True
starjar,Acquired,True
meticulate,Active,True
celest,Inactive,False
glimmer,Active,True
zaymo,Active,True
promptarmor,Active,True
keywords-ai,Active,True
omniai,Active,True
guide-labs,Active,True
speck,Active,True
trypillar,Active,True
lemonslice,Active,True
decipher-ai,Active,True
toolify,Inactive,False
cpgscout,Active,True
consul,Active,True
clarion,Active,True
tamarind-bio,Active,True
14-ai,Active,True
inquery-2,Active,True
infinity,Active,True
pandasai,Active,True
sync-2,Active,True
vibrant-labs,Active,True
parallel,Active,True
aether,Active,True
firebender,Active,True
resonance,Active,True
crmcopilot,Inactive,False
phospho,Active,True
centralize,Active,True
salvy,Active,True
aedilic,Active,True
open,Active,True
wuri,Inactive,False
pythagora,Active,True
solari-ai,Active,True
dime-2,Active,True
ellipsis,Active,True
metofico,Active,True
draftaid,Active,True
codeant-ai,Active,True
astro-mechanica,Active,True
browser-buddy,Active,True
sagaland,Active,True
bilanc,Active,True
superagent,Active,True
preloop,Active,True
carma,Active,True
toma,Active,True
tensorfuse,Active,True
trieve,Acquired,True
conduit-ai,Active,True
elodin,Active,True
soundry-ai,Active,True
aftercare,Active,True
shiboleth,Active,True
hazel-2,Active,True
andy-ai,Active,True
delve,Active,True
offdeal,Active,True
abel,Inactive,False
voicepanel,Active,True
opencall-ai,Active,True
clarum,Active,True
edgetrace,Active,True
manifold-freight,Active,True
prosights,Active,True
centauri-ai,Active,True
chunkr,Active,True
raindrop,Active,True
yondu,Active,True
heartbyte,Active,True
dianahr,Active,True
risotto,Active,True
justai,Active,True
circleback,Active,True
betterbasket,Active,True
model-ml,Active,True
artos,Active,True
oma-care,Active,True
cleva,Active,True
givefront,Active,True
focal,Active,True
brainbase-labs,Active,True
sample,Active,True
lumetric,Active,True
alai,Active,True
thorntale,Active,True
deep24,Active,True
triply,Active,True
openmart,Active,True
zep-ai,Active,True
velorum-therapeutics,Active,True
bitesight,Inactive,False
sonauto,Active,True
shepherd-2,Active,True
hatchet-run,Active,True
stacksync,Active,True
terrakotta,Active,True
downlink,Active,True
spark,Active,True
camelai,Active,True
rove,Active,True
retell-ai,Active,True
ocular-ai,Active,True
adapted,Active,True
vista-power,Active,True
deepnight,Active,True
xpay,Active,True
fileforge,Inactive,False
aqua-voice,Active,True
basepilot,Active,True
fluently,Active,True
miden,Active,True
veles,Active,True
commodityai,Active,True
marblism,Active,True
datacurve,Active,True
lumona,Inactive,False
ryse,Active,True
magic-hour,Active,True
penciled,Active,True
arcane,Acquired,True
polar,Active,True
openfoundry,Active,True
powder,Active,True
eris-biotech,Active,True
senso,Active,True
silogy,Active,True
oddsview,Active,True
junction-bioscience,Active,True
piramidal,Active,True
reform,Active,True
cocrafter,Active,True
trueclaim,Active,True
healia,Active,True
haplotype-labs,Active,True
granza-bio,Active,True
voxops-ai,Active,True
integuru,Active,True
forge,Active,True
the-new-money-company,Active,True
fume,Active,True
renderlet,Active,True
dragoneye,Active,True
quivr,Active,True
tower,Active,True
mathos,Active,True
kater-ai,Active,True
crowdvolt,Active,True
blacksmith,Active,True
yarn-2,Active,True
inspectmind-ai,Active,True
reprompt,Active,True
getcrux,Active,True
nowhouse,Active,True
same,Active,True
retailready,Active,True
dropback,Active,True
forge-rewards,Active,True
marr-labs,Active,True
k-scale-labs,Active,True
parcelbio,Active,True
indemni,Active,True
egress-health,Active,True
overstand-labs,Active,True
youshift,Active,True
uncommon-therapeutics,Active,True
exin-therapeutics,Active,True
delineate,Active,True
onlook,Active,True
invo,Active,True
quantstruct,Active,True
edexia,Active,True
enhanced-radar,Active,True
revise-robotics,Active,True
trace,Active,True
bild-ai,Active,True
candor,Active,True
vetnio,Active,True
leaping-ai,Active,True
flowtel,Active,True
tweeksio,Active,True
excellence-learning,Active,True
praxim,Active,True
hey-telo,Active,True
subimage,Active,True
steinmetz,Active,True
axiom,Active,True
orchids,Active,True
splash-inc,Active,True
stamp,Active,True
alice-tech,Active,True
dollyglot,Active,True
awen,Active,True
karoo,Active,True
dartboard-energy,Active,True
astro,Active,True
vocality-health,Active,True
subtrace,Active,True
scout-4,Active,True
promptless,Active,True
closure,Active,True
conntour,Active,True
superglue,Active,True
truffle-ai,Active,True
ovlo,Active,True
contrario,Active,True
sublingual,Inactive,False
rocketable,Active,True
toothy-ai,Active,True
verbiflow,Active,True
a1base,Active,True
altrina,Active,True
a0-dev,Active,True
maritime-fusion,Active,True
trava,Active,True
tejas-ai,Active,True
caseflood-ai,Active,True
weave-3,Active,True
maive,Active,True
salespatriot,Active,True
deployparagon,Active,True
carecycle,Active,True
inversion-semiconductor,Active,True
adam,Active,True
rally-3,Active,True
tergle,Active,True
trim,Active,True
amby-health,Active,True
cardamon,Active,True
bezel,Active,True
zeroentropy,Active,True
oki,Active,True
cifrato,Active,True
mosaic-2,Active,True
swerve,Active,True
osmosis,Active,True
operand,Active,True
healthkey,Active,True
gradewiz,Active,True
mecha-health,Active,True
cuckoo-labs,Active,True
finbar,Active,True
hud,Active,True
olive,Active,True
pax-markets,Active,True
pave-robotics,Active,True
gale,Active,True
asteroid,Active,True
macadamia,Active,True
lucid,Active,True
pickle-2,Active,True
bindwell,Active,True
stillwind,Active,True
harbera,Active,True
cenote,Active,True
lopus-ai,Active,True
athenahq,Active,True
strike,Active,True
g-lnk,Active,True
mundo-ai,Active,True
lucidic-ai,Active,True
haleum,Active,True
trata,Active,True
solidroad,Active,True
general-trajectory,Active,True
rejot,Active,True
agentin-ai,Active,True
bystreet,Active,True
waypoint-transit,Active,True
riviera,Active,True
confident-ai,Active,True
exla,Active,True
karsa,Active,True
nitrode,Active,True
calltree,Active,True
harper,Active,True
tire-swing,Active,True
outlit,Active,True
mesh-2,Active,True
orbital-operations,Active,True
sennu-ai,Active,True
infinite,Active,True
peppr-ai,Active,True
openintake,Active,True
artificial-societies,Active,True
miyagi-labs,Active,True
fuseai,Active,True
misprint,Active,True
afterquery,Active,True
mastra,Active,True
forge-automation,Active,True
archon,Active,True
retrofit,Active,True
pinch,Active,True
optifye-ai,Active,True
reditus-space,Active,True
permitify,Active,True
wildcard,Active,True
corsair,Active,True
proception-inc,Active,True
woz,Active,True
spott,Active,True
rebolt,Active,True
roark,Active,True
dalus,Active,True
tensorpool,Active,True
bluebook,Active,True
butter,Active,True
paratus-health,Active,True
copycat,Active,True
ergo,Active,True
tamlabs,Active,True
browser-use,Active,True
cedar,Active,True
lightbox,Active,True
mercura,Active,True
instinct,Active,True
sammy-labs,Active,True
trycandid,Active,True
trainloop,Active,True
thirdlayer,Active,True
axal,Active,True
artifact-2,Active,True
assistant-ui,Active,True
fira,Active,True
vantel,Active,True
blindpay,Active,True
mentra,Active,True
red-barn-robotics,Active,True
